{
    "guid": "f87f700e-679d-43e6-9c7c-b3a410dc3f22",
    "name": "🚀 AI Upscaler Plugin",
    "overview": "AI-Powered Video Upscaling with Cross-Platform Support",
    "description": "Professional AI upscaling with 9 models, cross-platform GPU acceleration, and 50+ configuration options. Supports Windows, Linux, macOS, and Docker.",
    "version": "1.3.1",
    "targetAbi": "10.8.0.0",
    "framework": "net8.0",
    "owner": "Kuschel-code",
    "category": "Video Processing",
    "imageUrl": "https://raw.githubusercontent.com/Kuschel-code/JellyfinUpscalerPlugin/main/assets/logo.png",
    "changelog": "CROSS-PLATFORM RELEASE: Full macOS support (Apple Silicon M1/M2/M3), Enhanced Linux compatibility, 9 AI models, 50+ configuration options, GPU acceleration (DLSS 3.0/FSR 3.0/XeSS/Metal)",
    "sourceUrl": "https://github.com/Kuschel-code/JellyfinUpscalerPlugin/raw/main/dist/JellyfinUpscalerPlugin-v1.3.1.zip",
    "checksum": "fa6c28302e0a90aeadf3dfdb5d1d3e09"
}