{
    "format": "layers-model",
    "generatedBy": "TensorFlow.js Converter v3.0.0",
    "convertedBy": "Your Name",
    "modelTopology": {
        "class_name": "Sequential",
        "config": [
            {
                "class_name": "Conv2D",
                "config": {
                    "filters": 64,
                    "kernel_size": [3, 3],
                    "padding": "same",
                    "activation": "relu"
                }
            },
            {
                "class_name": "UpSampling2D",
                "config": {
                    "size": [2, 2]
                }
            }
        ]
    },
    "weightsManifest": [
        {
            "paths": ["weights.bin"],
            "weights": [
                {
                    "name": "conv2d/kernel",
                    "shape": [3, 3, 3, 64],
                    "dtype": "float32"
                }
            ]
        }
    ]
}
