[
    {
        "name": "AI Upscaler Plugin Repository",
        "url": "https://raw.githubusercontent.com/Kuschel-code/JellyfinUpscalerPlugin/main/manifest.json",
        "description": "Professional AI upscaling with AV1 hardware acceleration for Jellyfin",
        "contact": {
            "name": "Kuschel-code",
            "email": "support@jellyfinupscaler.com",
            "url": "https://github.com/Kuschel-code/JellyfinUpscalerPlugin"
        },
        "categories": [
            "Video Processing",
            "Media Enhancement",
            "AI/ML",
            "Hardware Acceleration"
        ],
        "featured": true,
        "verified": true,
        "lastUpdated": "2025-06-27T22:00:00Z"
    }
]