{
    "guid": "f87f700e-679d-43e6-9c7c-b3a410dc3f22",
    "name": "🚀 AI Upscaler Plugin",
    "overview": "AI-Powered Video Upscaling with Cross-Platform Support",
    "description": "Professional AI upscaling with 9 models, cross-platform GPU acceleration, and 50+ configuration options. Supports Windows, Linux, macOS, and Docker.",
    "version": "1.3.2",
    "targetAbi": "10.8.0.0",
    "framework": "net8.0",
    "owner": "Kuschel-code",
    "category": "Video Processing",
    "imageUrl": "https://raw.githubusercontent.com/Kuschel-code/JellyfinUpscalerPlugin/main/assets/logo.png",
    "changelog": "ADVANCED UI & PLAYER INTEGRATION: Multilingual support (10 languages), Advanced configuration with 25+ settings, Video player button integration, Blue box design, GPU acceleration (DLSS/FSR/XeSS/Metal)",
    "sourceUrl": "https://github.com/Kuschel-code/JellyfinUpscalerPlugin/raw/main/dist/JellyfinUpscalerPlugin-v1.3.2.zip",
    "checksum": "82ecd3cf9b516a99de9b2fb61f3f113a"
}