{
    "guid": "f87f700e-679d-43e6-9c7c-b3a410dc3f12",
    "name": "Jellyfin Upscaler",
    "description": "Enhance video quality with real-time upscaling for supported devices.",
    "overview": "Real-time video upscaling using AI and advanced shaders for better quality playback",
    "owner": "Kuschel-code",
    "category": "Video Processing",
    "version": "1.1.1.0",
    "targetAbi": "10.10.3.0",
    "framework": "net6.0",
    "imageUrl": "assets/logo.png",
    "changelog": "CRITICAL FIX: Plugin persistence after restart, updated logos, improved stability"
}