{
    "Name": "Jellyfin Upscaler",
    "Id": "f87f700e-679d-43e6-9c7c-b3a410dc3f12",
    "Version": "1.1.1",
    "DisplayName": "Jellyfin Upscaler",
    "Description": "Enhance video quality with real-time upscaling for supported devices.",
    "Category": "Video Processing",
    "Owner": "Kuschel-code",
    "Overview": "Real-time video upscaling using AI and advanced shaders",
    "TargetAbi": "10.10.3.0",
    "Changelog": "CRITICAL FIX: Plugin persistence after restart, updated logos, improved stability",
    "ImageUrl": "https://github.com/Kuschel-code/JellyfinUpscalerPlugin/raw/main/assets/logo.png"
}